Datetime (UTC),Country,Zone Name,Zone Id,Carbon Intensity gCO₂eq/kWh (direct),Carbon Intensity gCO₂eq/kWh (LCA),Low Carbon Percentage,Renewable Percentage,Data Source
2021-01-01 00:00:00,USA,"City of Tacoma, Department of Public Utilities, Light Division",US-NW-TPWR,17.55,42.91,97.33,95.09,eia.gov
2021-01-02 00:00:00,USA,"City of Tacoma, Department of Public Utilities, Light Division",US-NW-TPWR,11.36,35.93,98.31,96.55,eia.gov
2021-01-03 00:00:00,USA,"City of Tacoma, Department of Public Utilities, Light Division",US-NW-TPWR,15.18,39.73,97.73,95.29,eia.gov
2021-01-04 00:00:00,USA,"City of Tacoma, Department of Public Utilities, Light Division",US-NW-TPWR,17.81,43.11,97.27,94.65,eia.gov
2021-01-05 00:00:00,USA,"City of Tacoma, Department of Public Utilities, Light Division",US-NW-TPWR,20.42,45.75,96.76,94.01,eia.gov
2021-01-06 00:00:00,USA,"City of Tacoma, Department of Public Utilities, Light Division",US-NW-TPWR,20.85,46.22,96.90,94.47,eia.gov
2021-01-07 00:00:00,USA,"City of Tacoma, Department of Public Utilities, Light Division",US-NW-TPWR,15.60,41.35,97.32,94.97,eia.gov
2021-01-08 00:00:00,USA,"City of Tacoma, Department of Public Utilities, Light Division",US-NW-TPWR,14.59,40.14,97.51,95.21,eia.gov
2021-01-09 00:00:00,USA,"City of Tacoma, Department of Public Utilities, Light Division",US-NW-TPWR,11.81,37.31,97.88,95.76,eia.gov
2021-01-10 00:00:00,USA,"City of Tacoma, Department of Public Utilities, Light Division",US-NW-TPWR,14.15,39.55,97.71,95.75,eia.gov
2021-01-11 00:00:00,USA,"City of Tacoma, Department of Public Utilities, Light Division",US-NW-TPWR,16.15,41.59,97.45,95.45,eia.gov
2021-01-12 00:00:00,USA,"City of Tacoma, Department of Public Utilities, Light Division",US-NW-TPWR,13.91,38.82,97.92,96.12,eia.gov
2021-01-13 00:00:00,USA,"City of Tacoma, Department of Public Utilities, Light Division",US-NW-TPWR,8.46,32.65,98.67,96.79,eia.gov
2021-01-14 00:00:00,USA,"City of Tacoma, Department of Public Utilities, Light Division",US-NW-TPWR,10.81,35.31,98.47,96.41,eia.gov
2021-01-15 00:00:00,USA,"City of Tacoma, Department of Public Utilities, Light Division",US-NW-TPWR,12.16,36.68,98.37,96.47,eia.gov
2021-01-16 00:00:00,USA,"City of Tacoma, Department of Public Utilities, Light Division",US-NW-TPWR,14.86,39.44,98.08,96.15,eia.gov
2021-01-17 00:00:00,USA,"City of Tacoma, Department of Public Utilities, Light Division",US-NW-TPWR,11.57,35.96,98.46,96.67,eia.gov
2021-01-18 00:00:00,USA,"City of Tacoma, Department of Public Utilities, Light Division",US-NW-TPWR,18.44,43.66,97.26,94.98,eia.gov
2021-01-19 00:00:00,USA,"City of Tacoma, Department of Public Utilities, Light Division",US-NW-TPWR,21.66,47.68,96.59,94.08,eia.gov
2021-01-20 00:00:00,USA,"City of Tacoma, Department of Public Utilities, Light Division",US-NW-TPWR,25.42,51.35,96.17,93.51,eia.gov
2021-01-21 00:00:00,USA,"City of Tacoma, Department of Public Utilities, Light Division",US-NW-TPWR,20.03,46.19,96.65,93.85,eia.gov
2021-01-22 00:00:00,USA,"City of Tacoma, Department of Public Utilities, Light Division",US-NW-TPWR,15.85,41.85,97.17,94.53,eia.gov
2021-01-23 00:00:00,USA,"City of Tacoma, Department of Public Utilities, Light Division",US-NW-TPWR,19.92,46.22,96.60,93.71,eia.gov
2021-01-24 00:00:00,USA,"City of Tacoma, Department of Public Utilities, Light Division",US-NW-TPWR,16.47,42.41,97.11,94.46,eia.gov
2021-01-25 00:00:00,USA,"City of Tacoma, Department of Public Utilities, Light Division",US-NW-TPWR,17.55,43.82,96.76,93.80,eia.gov
2021-01-26 00:00:00,USA,"City of Tacoma, Department of Public Utilities, Light Division",US-NW-TPWR,15.49,41.85,96.93,93.93,eia.gov
2021-01-27 00:00:00,USA,"City of Tacoma, Department of Public Utilities, Light Division",US-NW-TPWR,14.21,40.19,97.18,94.38,eia.gov
2021-01-28 00:00:00,USA,"City of Tacoma, Department of Public Utilities, Light Division",US-NW-TPWR,17.75,43.84,96.79,93.88,eia.gov
2021-01-29 00:00:00,USA,"City of Tacoma, Department of Public Utilities, Light Division",US-NW-TPWR,19.14,45.18,96.66,93.63,eia.gov
2021-01-30 00:00:00,USA,"City of Tacoma, Department of Public Utilities, Light Division",US-NW-TPWR,25.27,51.58,95.84,92.37,eia.gov
2021-01-31 00:00:00,USA,"City of Tacoma, Department of Public Utilities, Light Division",US-NW-TPWR,26.40,52.29,95.84,92.54,eia.gov
2021-02-01 00:00:00,USA,"City of Tacoma, Department of Public Utilities, Light Division",US-NW-TPWR,24.34,50.35,95.92,92.55,eia.gov
2021-02-02 00:00:00,USA,"City of Tacoma, Department of Public Utilities, Light Division",US-NW-TPWR,25.76,51.47,95.90,92.67,eia.gov
2021-02-03 00:00:00,USA,"City of Tacoma, Department of Public Utilities, Light Division",US-NW-TPWR,27.04,53.04,95.66,92.18,eia.gov
2021-02-04 00:00:00,USA,"City of Tacoma, Department of Public Utilities, Light Division",US-NW-TPWR,22.64,47.63,96.38,92.75,eia.gov
2021-02-05 00:00:00,USA,"City of Tacoma, Department of Public Utilities, Light Division",US-NW-TPWR,16.05,40.77,97.03,92.94,eia.gov
2021-02-06 00:00:00,USA,"City of Tacoma, Department of Public Utilities, Light Division",US-NW-TPWR,19.95,44.81,96.34,91.45,eia.gov
2021-02-07 00:00:00,USA,"City of Tacoma, Department of Public Utilities, Light Division",US-NW-TPWR,24.89,49.77,95.83,90.78,eia.gov
2021-02-08 00:00:00,USA,"City of Tacoma, Department of Public Utilities, Light Division",US-NW-TPWR,17.21,42.78,96.61,92.44,eia.gov
2021-02-09 00:00:00,USA,"City of Tacoma, Department of Public Utilities, Light Division",US-NW-TPWR,22.17,49.16,95.54,91.80,eia.gov
2021-02-10 00:00:00,USA,"City of Tacoma, Department of Public Utilities, Light Division",US-NW-TPWR,24.69,51.67,95.22,91.72,eia.gov
2021-02-11 00:00:00,USA,"City of Tacoma, Department of Public Utilities, Light Division",US-NW-TPWR,26.30,53.23,94.93,91.21,eia.gov
2021-02-12 00:00:00,USA,"City of Tacoma, Department of Public Utilities, Light Division",US-NW-TPWR,18.49,45.44,96.03,92.69,eia.gov
2021-02-13 00:00:00,USA,"City of Tacoma, Department of Public Utilities, Light Division",US-NW-TPWR,14.85,40.81,96.97,93.35,eia.gov
2021-02-14 00:00:00,USA,"City of Tacoma, Department of Public Utilities, Light Division",US-NW-TPWR,6.60,31.80,98.70,95.65,eia.gov
2021-02-15 00:00:00,USA,"City of Tacoma, Department of Public Utilities, Light Division",US-NW-TPWR,7.08,32.68,98.43,95.57,eia.gov
2021-02-16 00:00:00,USA,"City of Tacoma, Department of Public Utilities, Light Division",US-NW-TPWR,6.71,31.79,98.51,95.95,eia.gov
2021-02-17 00:00:00,USA,"City of Tacoma, Department of Public Utilities, Light Division",US-NW-TPWR,11.59,37.65,97.27,94.75,eia.gov
2021-02-18 00:00:00,USA,"City of Tacoma, Department of Public Utilities, Light Division",US-NW-TPWR,13.14,40.20,96.87,94.42,eia.gov
2021-02-19 00:00:00,USA,"City of Tacoma, Department of Public Utilities, Light Division",US-NW-TPWR,12.94,39.74,96.97,94.42,eia.gov
2021-02-20 00:00:00,USA,"City of Tacoma, Department of Public Utilities, Light Division",US-NW-TPWR,17.54,44.75,96.12,93.45,eia.gov
2021-02-21 00:00:00,USA,"City of Tacoma, Department of Public Utilities, Light Division",US-NW-TPWR,30.33,56.35,95.04,90.65,eia.gov
2021-02-22 00:00:00,USA,"City of Tacoma, Department of Public Utilities, Light Division",US-NW-TPWR,33.41,58.63,95.09,90.57,eia.gov
2021-02-23 00:00:00,USA,"City of Tacoma, Department of Public Utilities, Light Division",US-NW-TPWR,29.50,54.35,95.55,91.12,eia.gov
2021-02-24 00:00:00,USA,"City of Tacoma, Department of Public Utilities, Light Division",US-NW-TPWR,24.55,50.74,95.73,91.60,eia.gov
2021-02-25 00:00:00,USA,"City of Tacoma, Department of Public Utilities, Light Division",US-NW-TPWR,32.85,59.20,94.66,90.18,eia.gov
2021-02-26 00:00:00,USA,"City of Tacoma, Department of Public Utilities, Light Division",US-NW-TPWR,34.15,59.03,94.89,90.07,eia.gov
2021-02-27 00:00:00,USA,"City of Tacoma, Department of Public Utilities, Light Division",US-NW-TPWR,33.50,60.03,94.25,89.05,eia.gov
2021-02-28 00:00:00,USA,"City of Tacoma, Department of Public Utilities, Light Division",US-NW-TPWR,35.26,61.84,93.96,88.73,eia.gov
2021-03-01 00:00:00,USA,"City of Tacoma, Department of Public Utilities, Light Division",US-NW-TPWR,41.35,69.16,93.37,88.52,eia.gov
2021-03-02 00:00:00,USA,"City of Tacoma, Department of Public Utilities, Light Division",US-NW-TPWR,42.61,69.67,93.39,88.62,eia.gov
2021-03-03 00:00:00,USA,"City of Tacoma, Department of Public Utilities, Light Division",US-NW-TPWR,40.32,68.01,93.58,89.15,eia.gov
2021-03-04 00:00:00,USA,"City of Tacoma, Department of Public Utilities, Light Division",US-NW-TPWR,34.72,62.54,94.12,89.46,eia.gov
2021-03-05 00:00:00,USA,"City of Tacoma, Department of Public Utilities, Light Division",US-NW-TPWR,41.05,68.47,93.25,88.15,eia.gov
2021-03-06 00:00:00,USA,"City of Tacoma, Department of Public Utilities, Light Division",US-NW-TPWR,39.61,66.48,93.46,88.27,eia.gov
2021-03-07 00:00:00,USA,"City of Tacoma, Department of Public Utilities, Light Division",US-NW-TPWR,56.90,85.69,90.68,84.61,eia.gov
2021-03-08 00:00:00,USA,"City of Tacoma, Department of Public Utilities, Light Division",US-NW-TPWR,45.93,74.65,92.04,87.02,eia.gov
2021-03-09 00:00:00,USA,"City of Tacoma, Department of Public Utilities, Light Division",US-NW-TPWR,43.36,70.44,93.37,88.26,eia.gov
2021-03-10 00:00:00,USA,"City of Tacoma, Department of Public Utilities, Light Division",US-NW-TPWR,52.40,80.64,91.74,86.48,eia.gov
2021-03-11 00:00:00,USA,"City of Tacoma, Department of Public Utilities, Light Division",US-NW-TPWR,50.40,78.95,91.30,86.04,eia.gov
2021-03-12 00:00:00,USA,"City of Tacoma, Department of Public Utilities, Light Division",US-NW-TPWR,61.45,90.84,89.90,84.37,eia.gov
2021-03-13 00:00:00,USA,"City of Tacoma, Department of Public Utilities, Light Division",US-NW-TPWR,67.48,98.30,88.68,82.26,eia.gov
2021-03-14 00:00:00,USA,"City of Tacoma, Department of Public Utilities, Light Division",US-NW-TPWR,69.77,99.28,89.08,82.81,eia.gov
2021-03-15 00:00:00,USA,"City of Tacoma, Department of Public Utilities, Light Division",US-NW-TPWR,58.17,86.02,90.55,84.80,eia.gov
2021-03-16 00:00:00,USA,"City of Tacoma, Department of Public Utilities, Light Division",US-NW-TPWR,55.95,84.60,90.66,84.83,eia.gov
2021-03-17 00:00:00,USA,"City of Tacoma, Department of Public Utilities, Light Division",US-NW-TPWR,57.44,87.21,90.27,84.38,eia.gov
2021-03-18 00:00:00,USA,"City of Tacoma, Department of Public Utilities, Light Division",US-NW-TPWR,59.58,88.82,90.15,84.32,eia.gov
2021-03-19 00:00:00,USA,"City of Tacoma, Department of Public Utilities, Light Division",US-NW-TPWR,60.27,88.34,90.66,84.96,eia.gov
2021-03-20 00:00:00,USA,"City of Tacoma, Department of Public Utilities, Light Division",US-NW-TPWR,56.18,83.72,91.41,85.59,eia.gov
2021-03-21 00:00:00,USA,"City of Tacoma, Department of Public Utilities, Light Division",US-NW-TPWR,33.32,59.50,93.80,87.38,eia.gov
2021-03-22 00:00:00,USA,"City of Tacoma, Department of Public Utilities, Light Division",US-NW-TPWR,50.31,77.16,92.07,85.89,eia.gov
2021-03-23 00:00:00,USA,"City of Tacoma, Department of Public Utilities, Light Division",US-NW-TPWR,54.48,82.75,90.99,84.83,eia.gov
2021-03-24 00:00:00,USA,"City of Tacoma, Department of Public Utilities, Light Division",US-NW-TPWR,53.42,80.48,91.22,85.20,eia.gov
2021-03-25 00:00:00,USA,"City of Tacoma, Department of Public Utilities, Light Division",US-NW-TPWR,51.10,78.87,91.13,85.21,eia.gov
2021-03-26 00:00:00,USA,"City of Tacoma, Department of Public Utilities, Light Division",US-NW-TPWR,47.39,75.42,91.41,85.49,eia.gov
2021-03-27 00:00:00,USA,"City of Tacoma, Department of Public Utilities, Light Division",US-NW-TPWR,57.22,85.62,90.30,84.19,eia.gov
2021-03-28 00:00:00,USA,"City of Tacoma, Department of Public Utilities, Light Division",US-NW-TPWR,59.75,87.34,90.72,84.50,eia.gov
2021-03-29 00:00:00,USA,"City of Tacoma, Department of Public Utilities, Light Division",US-NW-TPWR,57.23,84.02,91.24,85.46,eia.gov
2021-03-30 00:00:00,USA,"City of Tacoma, Department of Public Utilities, Light Division",US-NW-TPWR,58.55,87.27,90.31,84.50,eia.gov
2021-03-31 00:00:00,USA,"City of Tacoma, Department of Public Utilities, Light Division",US-NW-TPWR,70.80,100.54,88.55,82.27,eia.gov
2021-04-01 00:00:00,USA,"City of Tacoma, Department of Public Utilities, Light Division",US-NW-TPWR,68.66,97.44,89.25,83.25,eia.gov
2021-04-02 00:00:00,USA,"City of Tacoma, Department of Public Utilities, Light Division",US-NW-TPWR,59.05,88.14,89.84,83.72,eia.gov
2021-04-03 00:00:00,USA,"City of Tacoma, Department of Public Utilities, Light Division",US-NW-TPWR,67.75,98.10,88.79,82.71,eia.gov
2021-04-04 00:00:00,USA,"City of Tacoma, Department of Public Utilities, Light Division",US-NW-TPWR,60.73,89.90,89.80,83.56,eia.gov
2021-04-05 00:00:00,USA,"City of Tacoma, Department of Public Utilities, Light Division",US-NW-TPWR,56.64,85.55,90.53,84.75,eia.gov
2021-04-06 00:00:00,USA,"City of Tacoma, Department of Public Utilities, Light Division",US-NW-TPWR,47.41,74.60,92.74,86.64,eia.gov
2021-04-07 00:00:00,USA,"City of Tacoma, Department of Public Utilities, Light Division",US-NW-TPWR,29.61,55.73,94.81,88.17,eia.gov
2021-04-08 00:00:00,USA,"City of Tacoma, Department of Public Utilities, Light Division",US-NW-TPWR,30.23,56.31,94.24,87.88,eia.gov
2021-04-09 00:00:00,USA,"City of Tacoma, Department of Public Utilities, Light Division",US-NW-TPWR,37.80,67.18,92.14,86.18,eia.gov
2021-04-10 00:00:00,USA,"City of Tacoma, Department of Public Utilities, Light Division",US-NW-TPWR,45.55,74.32,90.96,84.61,eia.gov
2021-04-11 00:00:00,USA,"City of Tacoma, Department of Public Utilities, Light Division",US-NW-TPWR,47.86,78.80,90.50,84.51,eia.gov
2021-04-12 00:00:00,USA,"City of Tacoma, Department of Public Utilities, Light Division",US-NW-TPWR,44.04,75.13,90.89,84.29,eia.gov
2021-04-13 00:00:00,USA,"City of Tacoma, Department of Public Utilities, Light Division",US-NW-TPWR,33.67,62.45,92.45,86.53,eia.gov
2021-04-14 00:00:00,USA,"City of Tacoma, Department of Public Utilities, Light Division",US-NW-TPWR,30.29,59.12,92.83,87.00,eia.gov
2021-04-15 00:00:00,USA,"City of Tacoma, Department of Public Utilities, Light Division",US-NW-TPWR,24.77,52.91,94.56,88.20,eia.gov
2021-04-16 00:00:00,USA,"City of Tacoma, Department of Public Utilities, Light Division",US-NW-TPWR,28.69,56.54,94.38,87.17,eia.gov
2021-04-17 00:00:00,USA,"City of Tacoma, Department of Public Utilities, Light Division",US-NW-TPWR,34.09,63.15,93.57,85.64,eia.gov
2021-04-18 00:00:00,USA,"City of Tacoma, Department of Public Utilities, Light Division",US-NW-TPWR,38.52,67.84,93.04,85.17,eia.gov
2021-04-19 00:00:00,USA,"City of Tacoma, Department of Public Utilities, Light Division",US-NW-TPWR,31.72,59.42,94.22,87.24,eia.gov
2021-04-20 00:00:00,USA,"City of Tacoma, Department of Public Utilities, Light Division",US-NW-TPWR,22.78,50.72,95.42,88.99,eia.gov
2021-04-21 00:00:00,USA,"City of Tacoma, Department of Public Utilities, Light Division",US-NW-TPWR,19.18,47.42,95.83,89.76,eia.gov
2021-04-22 00:00:00,USA,"City of Tacoma, Department of Public Utilities, Light Division",US-NW-TPWR,19.68,46.52,95.67,89.19,eia.gov
2021-04-23 00:00:00,USA,"City of Tacoma, Department of Public Utilities, Light Division",US-NW-TPWR,19.91,46.64,95.66,89.29,eia.gov
2021-04-24 00:00:00,USA,"City of Tacoma, Department of Public Utilities, Light Division",US-NW-TPWR,23.53,50.86,94.78,87.67,eia.gov
2021-04-25 00:00:00,USA,"City of Tacoma, Department of Public Utilities, Light Division",US-NW-TPWR,24.16,51.45,94.73,87.37,eia.gov
2021-04-26 00:00:00,USA,"City of Tacoma, Department of Public Utilities, Light Division",US-NW-TPWR,20.75,47.68,95.47,88.90,eia.gov
2021-04-27 00:00:00,USA,"City of Tacoma, Department of Public Utilities, Light Division",US-NW-TPWR,20.96,47.49,95.46,89.30,eia.gov
2021-04-28 00:00:00,USA,"City of Tacoma, Department of Public Utilities, Light Division",US-NW-TPWR,28.89,55.74,94.74,88.69,eia.gov
2021-04-29 00:00:00,USA,"City of Tacoma, Department of Public Utilities, Light Division",US-NW-TPWR,33.26,60.46,94.56,88.91,eia.gov
2021-04-30 00:00:00,USA,"City of Tacoma, Department of Public Utilities, Light Division",US-NW-TPWR,26.36,52.75,95.18,89.55,eia.gov
2021-05-01 00:00:00,USA,"City of Tacoma, Department of Public Utilities, Light Division",US-NW-TPWR,15.68,40.80,97.36,91.68,eia.gov
2021-05-02 00:00:00,USA,"City of Tacoma, Department of Public Utilities, Light Division",US-NW-TPWR,14.99,39.52,97.58,91.37,eia.gov
2021-05-03 00:00:00,USA,"City of Tacoma, Department of Public Utilities, Light Division",US-NW-TPWR,7.69,31.74,98.60,93.13,eia.gov
2021-05-04 00:00:00,USA,"City of Tacoma, Department of Public Utilities, Light Division",US-NW-TPWR,10.52,34.50,98.32,93.05,eia.gov
2021-05-05 00:00:00,USA,"City of Tacoma, Department of Public Utilities, Light Division",US-NW-TPWR,12.59,37.47,98.09,92.69,eia.gov
2021-05-06 00:00:00,USA,"City of Tacoma, Department of Public Utilities, Light Division",US-NW-TPWR,9.61,34.23,98.44,93.39,eia.gov
2021-05-07 00:00:00,USA,"City of Tacoma, Department of Public Utilities, Light Division",US-NW-TPWR,9.18,32.55,98.48,93.69,eia.gov
2021-05-08 00:00:00,USA,"City of Tacoma, Department of Public Utilities, Light Division",US-NW-TPWR,13.81,37.93,98.01,97.57,eia.gov
2021-05-09 00:00:00,USA,"City of Tacoma, Department of Public Utilities, Light Division",US-NW-TPWR,11.44,36.22,98.27,98.27,eia.gov
2021-05-10 00:00:00,USA,"City of Tacoma, Department of Public Utilities, Light Division",US-NW-TPWR,,,,,Data is not complete enough to be published.
2021-05-11 00:00:00,USA,"City of Tacoma, Department of Public Utilities, Light Division",US-NW-TPWR,10.19,35.72,98.36,98.36,eia.gov
2021-05-12 00:00:00,USA,"City of Tacoma, Department of Public Utilities, Light Division",US-NW-TPWR,9.92,35.67,98.39,98.39,eia.gov
2021-05-13 00:00:00,USA,"City of Tacoma, Department of Public Utilities, Light Division",US-NW-TPWR,12.86,38.60,98.04,98.03,eia.gov
2021-05-14 00:00:00,USA,"City of Tacoma, Department of Public Utilities, Light Division",US-NW-TPWR,13.48,39.84,97.81,97.78,eia.gov
2021-05-15 00:00:00,USA,"City of Tacoma, Department of Public Utilities, Light Division",US-NW-TPWR,16.23,43.00,97.43,97.42,eia.gov
2021-05-16 00:00:00,USA,"City of Tacoma, Department of Public Utilities, Light Division",US-NW-TPWR,15.72,42.53,97.39,97.34,eia.gov
2021-05-17 00:00:00,USA,"City of Tacoma, Department of Public Utilities, Light Division",US-NW-TPWR,11.18,35.58,98.11,98.10,eia.gov
2021-05-18 00:00:00,USA,"City of Tacoma, Department of Public Utilities, Light Division",US-NW-TPWR,19.51,44.62,96.75,96.73,eia.gov
2021-05-19 00:00:00,USA,"City of Tacoma, Department of Public Utilities, Light Division",US-NW-TPWR,22.57,48.91,96.31,96.30,eia.gov
2021-05-20 00:00:00,USA,"City of Tacoma, Department of Public Utilities, Light Division",US-NW-TPWR,25.24,51.29,96.09,96.07,eia.gov
2021-05-21 00:00:00,USA,"City of Tacoma, Department of Public Utilities, Light Division",US-NW-TPWR,24.04,50.83,95.90,95.89,eia.gov
2021-05-22 00:00:00,USA,"City of Tacoma, Department of Public Utilities, Light Division",US-NW-TPWR,20.64,47.54,96.27,96.25,eia.gov
2021-05-23 00:00:00,USA,"City of Tacoma, Department of Public Utilities, Light Division",US-NW-TPWR,22.97,49.43,95.95,95.94,eia.gov
2021-05-24 00:00:00,USA,"City of Tacoma, Department of Public Utilities, Light Division",US-NW-TPWR,23.35,49.05,95.92,95.91,eia.gov
2021-05-25 00:00:00,USA,"City of Tacoma, Department of Public Utilities, Light Division",US-NW-TPWR,27.21,53.87,95.57,95.54,eia.gov
2021-05-26 00:00:00,USA,"City of Tacoma, Department of Public Utilities, Light Division",US-NW-TPWR,23.25,49.59,96.01,96.00,eia.gov
2021-05-27 00:00:00,USA,"City of Tacoma, Department of Public Utilities, Light Division",US-NW-TPWR,18.21,44.33,96.73,96.73,eia.gov
2021-05-28 00:00:00,USA,"City of Tacoma, Department of Public Utilities, Light Division",US-NW-TPWR,24.07,49.69,96.01,96.01,eia.gov
2021-05-29 00:00:00,USA,"City of Tacoma, Department of Public Utilities, Light Division",US-NW-TPWR,26.07,53.28,95.71,95.69,eia.gov
2021-05-30 00:00:00,USA,"City of Tacoma, Department of Public Utilities, Light Division",US-NW-TPWR,22.92,50.30,96.09,96.04,eia.gov
2021-05-31 00:00:00,USA,"City of Tacoma, Department of Public Utilities, Light Division",US-NW-TPWR,20.95,48.24,96.42,96.42,eia.gov
2021-06-01 00:00:00,USA,"City of Tacoma, Department of Public Utilities, Light Division",US-NW-TPWR,16.76,44.02,96.91,96.91,eia.gov
2021-06-02 00:00:00,USA,"City of Tacoma, Department of Public Utilities, Light Division",US-NW-TPWR,18.05,46.21,96.21,96.21,eia.gov
2021-06-03 00:00:00,USA,"City of Tacoma, Department of Public Utilities, Light Division",US-NW-TPWR,15.55,42.40,96.49,96.48,eia.gov
2021-06-04 00:00:00,USA,"City of Tacoma, Department of Public Utilities, Light Division",US-NW-TPWR,11.92,37.44,97.44,97.44,eia.gov
2021-06-05 00:00:00,USA,"City of Tacoma, Department of Public Utilities, Light Division",US-NW-TPWR,9.40,34.43,97.99,97.99,eia.gov
2021-06-06 00:00:00,USA,"City of Tacoma, Department of Public Utilities, Light Division",US-NW-TPWR,9.38,34.79,97.96,97.96,eia.gov
2021-06-07 00:00:00,USA,"City of Tacoma, Department of Public Utilities, Light Division",US-NW-TPWR,12.50,38.55,97.66,97.66,eia.gov
2021-06-08 00:00:00,USA,"City of Tacoma, Department of Public Utilities, Light Division",US-NW-TPWR,11.70,37.82,97.70,97.70,eia.gov
2021-06-09 00:00:00,USA,"City of Tacoma, Department of Public Utilities, Light Division",US-NW-TPWR,11.79,37.48,97.64,97.63,eia.gov
2021-06-10 00:00:00,USA,"City of Tacoma, Department of Public Utilities, Light Division",US-NW-TPWR,14.77,40.14,97.14,97.13,eia.gov
2021-06-11 00:00:00,USA,"City of Tacoma, Department of Public Utilities, Light Division",US-NW-TPWR,24.27,51.31,95.90,95.90,eia.gov
2021-06-12 00:00:00,USA,"City of Tacoma, Department of Public Utilities, Light Division",US-NW-TPWR,20.02,47.13,96.39,96.38,eia.gov
2021-06-13 00:00:00,USA,"City of Tacoma, Department of Public Utilities, Light Division",US-NW-TPWR,18.87,46.41,96.14,96.14,eia.gov
2021-06-14 00:00:00,USA,"City of Tacoma, Department of Public Utilities, Light Division",US-NW-TPWR,18.45,45.85,96.08,96.08,eia.gov
2021-06-15 00:00:00,USA,"City of Tacoma, Department of Public Utilities, Light Division",US-NW-TPWR,17.35,45.09,96.20,96.20,eia.gov
2021-06-16 00:00:00,USA,"City of Tacoma, Department of Public Utilities, Light Division",US-NW-TPWR,25.63,53.65,95.20,95.20,eia.gov
2021-06-17 00:00:00,USA,"City of Tacoma, Department of Public Utilities, Light Division",US-NW-TPWR,22.13,50.26,95.94,95.94,eia.gov
2021-06-18 00:00:00,USA,"City of Tacoma, Department of Public Utilities, Light Division",US-NW-TPWR,18.76,46.69,96.34,96.34,eia.gov
2021-06-19 00:00:00,USA,"City of Tacoma, Department of Public Utilities, Light Division",US-NW-TPWR,17.45,44.84,96.25,94.94,eia.gov
2021-06-20 00:00:00,USA,"City of Tacoma, Department of Public Utilities, Light Division",US-NW-TPWR,22.30,49.18,95.87,90.13,eia.gov
2021-06-21 00:00:00,USA,"City of Tacoma, Department of Public Utilities, Light Division",US-NW-TPWR,21.87,49.45,95.76,90.30,eia.gov
2021-06-22 00:00:00,USA,"City of Tacoma, Department of Public Utilities, Light Division",US-NW-TPWR,19.72,47.26,95.74,90.75,eia.gov
2021-06-23 00:00:00,USA,"City of Tacoma, Department of Public Utilities, Light Division",US-NW-TPWR,20.54,48.39,95.38,90.67,eia.gov
2021-06-24 00:00:00,USA,"City of Tacoma, Department of Public Utilities, Light Division",US-NW-TPWR,22.68,51.53,94.64,89.94,eia.gov
2021-06-25 00:00:00,USA,"City of Tacoma, Department of Public Utilities, Light Division",US-NW-TPWR,22.05,51.09,94.85,90.44,eia.gov
2021-06-26 00:00:00,USA,"City of Tacoma, Department of Public Utilities, Light Division",US-NW-TPWR,23.70,52.74,94.80,90.64,eia.gov
2021-06-27 00:00:00,USA,"City of Tacoma, Department of Public Utilities, Light Division",US-NW-TPWR,33.33,61.18,94.09,89.83,eia.gov
2021-06-28 00:00:00,USA,"City of Tacoma, Department of Public Utilities, Light Division",US-NW-TPWR,29.62,56.32,95.01,91.37,eia.gov
2021-06-29 00:00:00,USA,"City of Tacoma, Department of Public Utilities, Light Division",US-NW-TPWR,25.00,51.13,95.84,92.19,eia.gov
2021-06-30 00:00:00,USA,"City of Tacoma, Department of Public Utilities, Light Division",US-NW-TPWR,22.05,47.68,96.21,92.90,eia.gov
2021-07-01 00:00:00,USA,"City of Tacoma, Department of Public Utilities, Light Division",US-NW-TPWR,16.95,43.08,96.52,92.94,eia.gov
2021-07-02 00:00:00,USA,"City of Tacoma, Department of Public Utilities, Light Division",US-NW-TPWR,20.16,47.44,95.76,91.83,eia.gov
2021-07-03 00:00:00,USA,"City of Tacoma, Department of Public Utilities, Light Division",US-NW-TPWR,32.38,60.75,93.83,89.20,eia.gov
2021-07-04 00:00:00,USA,"City of Tacoma, Department of Public Utilities, Light Division",US-NW-TPWR,33.88,62.15,93.33,88.11,eia.gov
2021-07-05 00:00:00,USA,"City of Tacoma, Department of Public Utilities, Light Division",US-NW-TPWR,46.07,74.48,91.73,85.97,eia.gov
2021-07-06 00:00:00,USA,"City of Tacoma, Department of Public Utilities, Light Division",US-NW-TPWR,53.40,84.07,90.39,84.11,eia.gov
2021-07-07 00:00:00,USA,"City of Tacoma, Department of Public Utilities, Light Division",US-NW-TPWR,47.93,76.82,91.27,85.38,eia.gov
2021-07-08 00:00:00,USA,"City of Tacoma, Department of Public Utilities, Light Division",US-NW-TPWR,54.76,84.13,90.37,84.23,eia.gov
2021-07-09 00:00:00,USA,"City of Tacoma, Department of Public Utilities, Light Division",US-NW-TPWR,54.05,83.63,90.54,84.37,eia.gov
2021-07-10 00:00:00,USA,"City of Tacoma, Department of Public Utilities, Light Division",US-NW-TPWR,62.16,91.99,89.38,81.81,eia.gov
2021-07-11 00:00:00,USA,"City of Tacoma, Department of Public Utilities, Light Division",US-NW-TPWR,47.04,77.43,90.38,82.67,eia.gov
2021-07-12 00:00:00,USA,"City of Tacoma, Department of Public Utilities, Light Division",US-NW-TPWR,53.40,84.15,89.92,82.84,eia.gov
2021-07-13 00:00:00,USA,"City of Tacoma, Department of Public Utilities, Light Division",US-NW-TPWR,44.20,73.99,91.26,84.92,eia.gov
2021-07-14 00:00:00,USA,"City of Tacoma, Department of Public Utilities, Light Division",US-NW-TPWR,40.83,68.94,92.70,87.10,eia.gov
2021-07-15 00:00:00,USA,"City of Tacoma, Department of Public Utilities, Light Division",US-NW-TPWR,39.97,67.39,92.49,86.55,eia.gov
2021-07-16 00:00:00,USA,"City of Tacoma, Department of Public Utilities, Light Division",US-NW-TPWR,47.71,75.58,91.06,84.46,eia.gov
2021-07-17 00:00:00,USA,"City of Tacoma, Department of Public Utilities, Light Division",US-NW-TPWR,43.41,72.36,91.61,85.52,eia.gov
2021-07-18 00:00:00,USA,"City of Tacoma, Department of Public Utilities, Light Division",US-NW-TPWR,55.36,85.79,89.78,82.76,eia.gov
2021-07-19 00:00:00,USA,"City of Tacoma, Department of Public Utilities, Light Division",US-NW-TPWR,47.49,77.86,91.09,84.95,eia.gov
2021-07-20 00:00:00,USA,"City of Tacoma, Department of Public Utilities, Light Division",US-NW-TPWR,44.33,73.33,91.40,85.25,eia.gov
2021-07-21 00:00:00,USA,"City of Tacoma, Department of Public Utilities, Light Division",US-NW-TPWR,47.57,76.48,90.74,84.12,eia.gov
2021-07-22 00:00:00,USA,"City of Tacoma, Department of Public Utilities, Light Division",US-NW-TPWR,52.78,82.40,90.52,83.95,eia.gov
2021-07-23 00:00:00,USA,"City of Tacoma, Department of Public Utilities, Light Division",US-NW-TPWR,67.81,97.97,88.85,82.20,eia.gov
2021-07-24 00:00:00,USA,"City of Tacoma, Department of Public Utilities, Light Division",US-NW-TPWR,68.95,100.24,88.27,81.15,eia.gov
2021-07-25 00:00:00,USA,"City of Tacoma, Department of Public Utilities, Light Division",US-NW-TPWR,67.54,98.51,88.21,80.70,eia.gov
2021-07-26 00:00:00,USA,"City of Tacoma, Department of Public Utilities, Light Division",US-NW-TPWR,57.65,88.81,89.24,81.83,eia.gov
2021-07-27 00:00:00,USA,"City of Tacoma, Department of Public Utilities, Light Division",US-NW-TPWR,53.79,84.29,89.82,82.34,eia.gov
2021-07-28 00:00:00,USA,"City of Tacoma, Department of Public Utilities, Light Division",US-NW-TPWR,40.56,71.84,91.04,83.93,eia.gov
2021-07-29 00:00:00,USA,"City of Tacoma, Department of Public Utilities, Light Division",US-NW-TPWR,40.90,71.85,91.33,85.42,eia.gov
2021-07-30 00:00:00,USA,"City of Tacoma, Department of Public Utilities, Light Division",US-NW-TPWR,42.81,73.61,91.33,85.52,Electricity Maps Estimation; eia.gov
2021-07-31 00:00:00,USA,"City of Tacoma, Department of Public Utilities, Light Division",US-NW-TPWR,39.26,69.86,91.80,85.77,eia.gov
2021-08-01 00:00:00,USA,"City of Tacoma, Department of Public Utilities, Light Division",US-NW-TPWR,50.52,78.32,91.88,85.08,eia.gov
2021-08-02 00:00:00,USA,"City of Tacoma, Department of Public Utilities, Light Division",US-NW-TPWR,54.60,84.08,90.85,83.45,eia.gov
2021-08-03 00:00:00,USA,"City of Tacoma, Department of Public Utilities, Light Division",US-NW-TPWR,64.34,95.85,88.57,81.54,eia.gov
2021-08-04 00:00:00,USA,"City of Tacoma, Department of Public Utilities, Light Division",US-NW-TPWR,64.02,95.70,88.43,81.57,eia.gov
2021-08-05 00:00:00,USA,"City of Tacoma, Department of Public Utilities, Light Division",US-NW-TPWR,63.87,95.19,88.52,81.43,eia.gov
2021-08-06 00:00:00,USA,"City of Tacoma, Department of Public Utilities, Light Division",US-NW-TPWR,59.36,87.29,89.70,83.05,eia.gov
2021-08-07 00:00:00,USA,"City of Tacoma, Department of Public Utilities, Light Division",US-NW-TPWR,52.29,81.15,89.88,82.62,eia.gov
2021-08-08 00:00:00,USA,"City of Tacoma, Department of Public Utilities, Light Division",US-NW-TPWR,43.84,72.39,90.66,83.01,eia.gov
2021-08-09 00:00:00,USA,"City of Tacoma, Department of Public Utilities, Light Division",US-NW-TPWR,59.25,91.02,88.35,79.84,eia.gov
2021-08-10 00:00:00,USA,"City of Tacoma, Department of Public Utilities, Light Division",US-NW-TPWR,72.69,103.95,87.95,80.99,eia.gov
2021-08-11 00:00:00,USA,"City of Tacoma, Department of Public Utilities, Light Division",US-NW-TPWR,63.72,93.95,89.54,83.60,eia.gov
2021-08-12 00:00:00,USA,"City of Tacoma, Department of Public Utilities, Light Division",US-NW-TPWR,55.23,84.75,90.71,85.32,eia.gov
2021-08-13 00:00:00,USA,"City of Tacoma, Department of Public Utilities, Light Division",US-NW-TPWR,52.71,82.35,90.91,85.32,eia.gov
2021-08-14 00:00:00,USA,"City of Tacoma, Department of Public Utilities, Light Division",US-NW-TPWR,55.44,84.85,90.41,84.46,eia.gov
2021-08-15 00:00:00,USA,"City of Tacoma, Department of Public Utilities, Light Division",US-NW-TPWR,69.67,99.32,88.49,81.71,eia.gov
2021-08-16 00:00:00,USA,"City of Tacoma, Department of Public Utilities, Light Division",US-NW-TPWR,67.06,96.03,88.98,82.60,eia.gov
2021-08-17 00:00:00,USA,"City of Tacoma, Department of Public Utilities, Light Division",US-NW-TPWR,56.89,84.46,90.45,84.54,eia.gov
2021-08-18 00:00:00,USA,"City of Tacoma, Department of Public Utilities, Light Division",US-NW-TPWR,68.22,96.87,89.17,82.82,eia.gov
2021-08-19 00:00:00,USA,"City of Tacoma, Department of Public Utilities, Light Division",US-NW-TPWR,68.74,97.69,88.98,82.49,eia.gov
2021-08-20 00:00:00,USA,"City of Tacoma, Department of Public Utilities, Light Division",US-NW-TPWR,42.87,70.40,91.90,85.64,eia.gov
2021-08-21 00:00:00,USA,"City of Tacoma, Department of Public Utilities, Light Division",US-NW-TPWR,31.03,58.96,93.07,86.79,eia.gov
2021-08-22 00:00:00,USA,"City of Tacoma, Department of Public Utilities, Light Division",US-NW-TPWR,41.64,68.99,92.11,85.77,eia.gov
2021-08-23 00:00:00,USA,"City of Tacoma, Department of Public Utilities, Light Division",US-NW-TPWR,36.08,64.52,92.38,85.96,eia.gov
2021-08-24 00:00:00,USA,"City of Tacoma, Department of Public Utilities, Light Division",US-NW-TPWR,46.65,76.69,90.92,84.26,eia.gov
2021-08-25 00:00:00,USA,"City of Tacoma, Department of Public Utilities, Light Division",US-NW-TPWR,42.25,72.66,91.31,84.71,eia.gov
2021-08-26 00:00:00,USA,"City of Tacoma, Department of Public Utilities, Light Division",US-NW-TPWR,31.75,60.62,92.84,86.97,eia.gov
2021-08-27 00:00:00,USA,"City of Tacoma, Department of Public Utilities, Light Division",US-NW-TPWR,43.85,73.25,91.55,85.64,eia.gov
2021-08-28 00:00:00,USA,"City of Tacoma, Department of Public Utilities, Light Division",US-NW-TPWR,66.67,97.68,89.23,83.19,eia.gov
2021-08-29 00:00:00,USA,"City of Tacoma, Department of Public Utilities, Light Division",US-NW-TPWR,72.24,102.84,88.49,82.10,eia.gov
2021-08-30 00:00:00,USA,"City of Tacoma, Department of Public Utilities, Light Division",US-NW-TPWR,66.60,96.16,88.68,81.96,eia.gov
2021-08-31 00:00:00,USA,"City of Tacoma, Department of Public Utilities, Light Division",US-NW-TPWR,70.64,99.39,88.22,81.11,eia.gov
2021-09-01 00:00:00,USA,"City of Tacoma, Department of Public Utilities, Light Division",US-NW-TPWR,79.96,109.13,87.97,80.86,eia.gov
2021-09-02 00:00:00,USA,"City of Tacoma, Department of Public Utilities, Light Division",US-NW-TPWR,86.92,118.44,86.36,78.88,eia.gov
2021-09-03 00:00:00,USA,"City of Tacoma, Department of Public Utilities, Light Division",US-NW-TPWR,85.17,117.09,86.41,78.66,eia.gov
2021-09-04 00:00:00,USA,"City of Tacoma, Department of Public Utilities, Light Division",US-NW-TPWR,95.23,128.06,84.96,76.75,eia.gov
2021-09-05 00:00:00,USA,"City of Tacoma, Department of Public Utilities, Light Division",US-NW-TPWR,102.87,134.20,84.24,75.64,eia.gov
2021-09-06 00:00:00,USA,"City of Tacoma, Department of Public Utilities, Light Division",US-NW-TPWR,93.25,124.29,85.59,77.77,eia.gov
2021-09-07 00:00:00,USA,"City of Tacoma, Department of Public Utilities, Light Division",US-NW-TPWR,71.56,102.82,88.45,81.96,eia.gov
2021-09-08 00:00:00,USA,"City of Tacoma, Department of Public Utilities, Light Division",US-NW-TPWR,65.37,95.70,89.35,83.41,eia.gov
2021-09-09 00:00:00,USA,"City of Tacoma, Department of Public Utilities, Light Division",US-NW-TPWR,70.37,101.35,88.89,83.24,eia.gov
2021-09-10 00:00:00,USA,"City of Tacoma, Department of Public Utilities, Light Division",US-NW-TPWR,67.25,98.00,89.09,83.20,eia.gov
2021-09-11 00:00:00,USA,"City of Tacoma, Department of Public Utilities, Light Division",US-NW-TPWR,81.44,112.42,86.99,79.82,eia.gov
2021-09-12 00:00:00,USA,"City of Tacoma, Department of Public Utilities, Light Division",US-NW-TPWR,90.86,123.09,85.48,77.58,eia.gov
2021-09-13 00:00:00,USA,"City of Tacoma, Department of Public Utilities, Light Division",US-NW-TPWR,75.56,106.67,87.47,80.18,eia.gov
2021-09-14 00:00:00,USA,"City of Tacoma, Department of Public Utilities, Light Division",US-NW-TPWR,54.88,84.27,91.31,86.64,eia.gov
2021-09-15 00:00:00,USA,"City of Tacoma, Department of Public Utilities, Light Division",US-NW-TPWR,91.40,121.73,85.78,78.38,eia.gov
2021-09-16 00:00:00,USA,"City of Tacoma, Department of Public Utilities, Light Division",US-NW-TPWR,88.96,121.20,85.78,78.16,eia.gov
2021-09-17 00:00:00,USA,"City of Tacoma, Department of Public Utilities, Light Division",US-NW-TPWR,83.95,116.58,86.37,78.53,eia.gov
2021-09-18 00:00:00,USA,"City of Tacoma, Department of Public Utilities, Light Division",US-NW-TPWR,93.71,126.15,85.21,79.24,eia.gov
2021-09-19 00:00:00,USA,"City of Tacoma, Department of Public Utilities, Light Division",US-NW-TPWR,100.02,131.21,84.20,76.77,eia.gov
2021-09-20 00:00:00,USA,"City of Tacoma, Department of Public Utilities, Light Division",US-NW-TPWR,88.44,119.54,86.12,78.91,eia.gov
2021-09-21 00:00:00,USA,"City of Tacoma, Department of Public Utilities, Light Division",US-NW-TPWR,80.15,112.36,87.12,80.03,eia.gov
2021-09-22 00:00:00,USA,"City of Tacoma, Department of Public Utilities, Light Division",US-NW-TPWR,86.98,118.74,86.08,78.36,eia.gov
2021-09-23 00:00:00,USA,"City of Tacoma, Department of Public Utilities, Light Division",US-NW-TPWR,58.98,90.08,88.68,80.47,eia.gov
2021-09-24 00:00:00,USA,"City of Tacoma, Department of Public Utilities, Light Division",US-NW-TPWR,46.67,76.92,91.24,84.18,eia.gov
2021-09-25 00:00:00,USA,"City of Tacoma, Department of Public Utilities, Light Division",US-NW-TPWR,85.22,114.43,87.41,79.64,eia.gov
2021-09-26 00:00:00,USA,"City of Tacoma, Department of Public Utilities, Light Division",US-NW-TPWR,73.20,101.09,88.56,80.48,eia.gov
2021-09-27 00:00:00,USA,"City of Tacoma, Department of Public Utilities, Light Division",US-NW-TPWR,73.41,103.07,87.97,79.99,eia.gov
2021-09-28 00:00:00,USA,"City of Tacoma, Department of Public Utilities, Light Division",US-NW-TPWR,79.38,109.61,86.52,78.28,eia.gov
2021-09-29 00:00:00,USA,"City of Tacoma, Department of Public Utilities, Light Division",US-NW-TPWR,83.97,114.63,86.25,78.33,eia.gov
2021-09-30 00:00:00,USA,"City of Tacoma, Department of Public Utilities, Light Division",US-NW-TPWR,75.04,106.39,87.53,79.80,eia.gov
2021-10-01 00:00:00,USA,"City of Tacoma, Department of Public Utilities, Light Division",US-NW-TPWR,65.63,97.16,88.40,81.11,eia.gov
2021-10-02 00:00:00,USA,"City of Tacoma, Department of Public Utilities, Light Division",US-NW-TPWR,66.64,98.71,88.07,80.42,eia.gov
2021-10-03 00:00:00,USA,"City of Tacoma, Department of Public Utilities, Light Division",US-NW-TPWR,71.28,101.96,87.96,79.89,eia.gov
2021-10-04 00:00:00,USA,"City of Tacoma, Department of Public Utilities, Light Division",US-NW-TPWR,57.65,89.10,89.49,82.57,eia.gov
2021-10-05 00:00:00,USA,"City of Tacoma, Department of Public Utilities, Light Division",US-NW-TPWR,53.50,84.56,89.98,83.19,eia.gov
2021-10-06 00:00:00,USA,"City of Tacoma, Department of Public Utilities, Light Division",US-NW-TPWR,66.35,96.92,88.38,81.08,eia.gov
2021-10-07 00:00:00,USA,"City of Tacoma, Department of Public Utilities, Light Division",US-NW-TPWR,70.70,101.69,88.04,80.77,eia.gov
2021-10-08 00:00:00,USA,"City of Tacoma, Department of Public Utilities, Light Division",US-NW-TPWR,68.45,100.52,87.86,80.47,eia.gov
2021-10-09 00:00:00,USA,"City of Tacoma, Department of Public Utilities, Light Division",US-NW-TPWR,88.36,119.01,85.58,77.09,eia.gov
2021-10-10 00:00:00,USA,"City of Tacoma, Department of Public Utilities, Light Division",US-NW-TPWR,86.88,114.84,86.61,78.35,eia.gov
2021-10-11 00:00:00,USA,"City of Tacoma, Department of Public Utilities, Light Division",US-NW-TPWR,76.82,106.39,87.46,79.76,eia.gov
2021-10-12 00:00:00,USA,"City of Tacoma, Department of Public Utilities, Light Division",US-NW-TPWR,66.65,97.77,88.45,82.30,eia.gov
2021-10-13 00:00:00,USA,"City of Tacoma, Department of Public Utilities, Light Division",US-NW-TPWR,67.72,97.64,88.62,83.28,eia.gov
2021-10-14 00:00:00,USA,"City of Tacoma, Department of Public Utilities, Light Division",US-NW-TPWR,79.88,109.27,87.22,79.71,eia.gov
2021-10-15 00:00:00,USA,"City of Tacoma, Department of Public Utilities, Light Division",US-NW-TPWR,83.67,113.99,86.91,79.82,eia.gov
2021-10-16 00:00:00,USA,"City of Tacoma, Department of Public Utilities, Light Division",US-NW-TPWR,86.56,118.00,86.53,78.61,eia.gov
2021-10-17 00:00:00,USA,"City of Tacoma, Department of Public Utilities, Light Division",US-NW-TPWR,76.72,107.19,87.91,80.40,eia.gov
2021-10-18 00:00:00,USA,"City of Tacoma, Department of Public Utilities, Light Division",US-NW-TPWR,64.96,93.91,89.63,83.06,eia.gov
2021-10-19 00:00:00,USA,"City of Tacoma, Department of Public Utilities, Light Division",US-NW-TPWR,53.51,82.44,91.17,85.34,eia.gov
2021-10-20 00:00:00,USA,"City of Tacoma, Department of Public Utilities, Light Division",US-NW-TPWR,52.57,81.39,91.12,84.98,eia.gov
2021-10-21 00:00:00,USA,"City of Tacoma, Department of Public Utilities, Light Division",US-NW-TPWR,51.70,80.59,91.45,85.87,eia.gov
2021-10-22 00:00:00,USA,"City of Tacoma, Department of Public Utilities, Light Division",US-NW-TPWR,50.01,77.85,92.06,85.94,eia.gov
2021-10-23 00:00:00,USA,"City of Tacoma, Department of Public Utilities, Light Division",US-NW-TPWR,65.12,92.82,90.42,83.47,eia.gov
2021-10-24 00:00:00,USA,"City of Tacoma, Department of Public Utilities, Light Division",US-NW-TPWR,65.61,94.18,89.72,82.98,eia.gov
2021-10-25 00:00:00,USA,"City of Tacoma, Department of Public Utilities, Light Division",US-NW-TPWR,60.89,89.78,89.90,83.30,eia.gov
2021-10-26 00:00:00,USA,"City of Tacoma, Department of Public Utilities, Light Division",US-NW-TPWR,58.50,86.22,90.55,84.83,eia.gov
2021-10-27 00:00:00,USA,"City of Tacoma, Department of Public Utilities, Light Division",US-NW-TPWR,61.83,89.08,90.19,84.27,eia.gov
2021-10-28 00:00:00,USA,"City of Tacoma, Department of Public Utilities, Light Division",US-NW-TPWR,64.47,92.81,89.65,83.51,eia.gov
2021-10-29 00:00:00,USA,"City of Tacoma, Department of Public Utilities, Light Division",US-NW-TPWR,67.51,95.47,89.05,82.22,eia.gov
2021-10-30 00:00:00,USA,"City of Tacoma, Department of Public Utilities, Light Division",US-NW-TPWR,71.98,100.96,88.39,81.58,eia.gov
2021-10-31 00:00:00,USA,"City of Tacoma, Department of Public Utilities, Light Division",US-NW-TPWR,53.05,82.39,90.34,83.55,eia.gov
2021-11-01 00:00:00,USA,"City of Tacoma, Department of Public Utilities, Light Division",US-NW-TPWR,62.61,93.21,88.64,81.06,eia.gov
2021-11-02 00:00:00,USA,"City of Tacoma, Department of Public Utilities, Light Division",US-NW-TPWR,59.82,90.57,88.91,81.41,eia.gov
2021-11-03 00:00:00,USA,"City of Tacoma, Department of Public Utilities, Light Division",US-NW-TPWR,56.91,86.61,89.94,83.51,eia.gov
2021-11-04 00:00:00,USA,"City of Tacoma, Department of Public Utilities, Light Division",US-NW-TPWR,53.45,82.39,90.44,83.56,eia.gov
2021-11-05 00:00:00,USA,"City of Tacoma, Department of Public Utilities, Light Division",US-NW-TPWR,51.56,79.08,91.68,86.38,eia.gov
2021-11-06 00:00:00,USA,"City of Tacoma, Department of Public Utilities, Light Division",US-NW-TPWR,53.19,81.03,91.27,85.76,eia.gov
2021-11-07 00:00:00,USA,"City of Tacoma, Department of Public Utilities, Light Division",US-NW-TPWR,54.49,81.87,91.29,86.02,eia.gov
2021-11-08 00:00:00,USA,"City of Tacoma, Department of Public Utilities, Light Division",US-NW-TPWR,43.03,70.53,92.75,88.15,eia.gov
2021-11-09 00:00:00,USA,"City of Tacoma, Department of Public Utilities, Light Division",US-NW-TPWR,28.75,55.12,94.67,90.79,eia.gov
2021-11-10 00:00:00,USA,"City of Tacoma, Department of Public Utilities, Light Division",US-NW-TPWR,38.50,65.17,93.60,89.64,eia.gov
2021-11-11 00:00:00,USA,"City of Tacoma, Department of Public Utilities, Light Division",US-NW-TPWR,31.72,58.65,94.53,91.06,eia.gov
2021-11-12 00:00:00,USA,"City of Tacoma, Department of Public Utilities, Light Division",US-NW-TPWR,37.00,63.96,93.67,89.44,eia.gov
2021-11-13 00:00:00,USA,"City of Tacoma, Department of Public Utilities, Light Division",US-NW-TPWR,35.01,61.46,94.43,90.88,eia.gov
2021-11-14 00:00:00,USA,"City of Tacoma, Department of Public Utilities, Light Division",US-NW-TPWR,15.81,40.89,97.44,95.64,eia.gov
2021-11-15 00:00:00,USA,"City of Tacoma, Department of Public Utilities, Light Division",US-NW-TPWR,15.33,40.36,97.52,95.84,eia.gov
2021-11-16 00:00:00,USA,"City of Tacoma, Department of Public Utilities, Light Division",US-NW-TPWR,17.48,42.81,96.89,94.61,eia.gov
2021-11-17 00:00:00,USA,"City of Tacoma, Department of Public Utilities, Light Division",US-NW-TPWR,24.11,50.32,95.95,93.41,eia.gov
2021-11-18 00:00:00,USA,"City of Tacoma, Department of Public Utilities, Light Division",US-NW-TPWR,23.25,49.75,95.99,93.39,eia.gov
2021-11-19 00:00:00,USA,"City of Tacoma, Department of Public Utilities, Light Division",US-NW-TPWR,22.90,49.25,96.18,93.64,eia.gov
2021-11-20 00:00:00,USA,"City of Tacoma, Department of Public Utilities, Light Division",US-NW-TPWR,22.60,48.52,96.35,93.88,eia.gov
2021-11-21 00:00:00,USA,"City of Tacoma, Department of Public Utilities, Light Division",US-NW-TPWR,23.29,49.35,96.32,94.02,eia.gov
2021-11-22 00:00:00,USA,"City of Tacoma, Department of Public Utilities, Light Division",US-NW-TPWR,25.38,51.89,95.91,93.57,eia.gov
2021-11-23 00:00:00,USA,"City of Tacoma, Department of Public Utilities, Light Division",US-NW-TPWR,19.20,44.91,96.88,94.97,eia.gov
2021-11-24 00:00:00,USA,"City of Tacoma, Department of Public Utilities, Light Division",US-NW-TPWR,19.48,45.38,96.59,94.28,eia.gov
2021-11-25 00:00:00,USA,"City of Tacoma, Department of Public Utilities, Light Division",US-NW-TPWR,19.47,45.19,96.90,94.89,eia.gov
2021-11-26 00:00:00,USA,"City of Tacoma, Department of Public Utilities, Light Division",US-NW-TPWR,14.32,39.14,97.85,96.38,eia.gov
2021-11-27 00:00:00,USA,"City of Tacoma, Department of Public Utilities, Light Division",US-NW-TPWR,9.88,34.63,98.46,97.36,eia.gov
2021-11-28 00:00:00,USA,"City of Tacoma, Department of Public Utilities, Light Division",US-NW-TPWR,8.94,33.51,98.64,97.63,eia.gov
2021-11-29 00:00:00,USA,"City of Tacoma, Department of Public Utilities, Light Division",US-NW-TPWR,11.81,36.58,98.20,96.90,eia.gov
2021-11-30 00:00:00,USA,"City of Tacoma, Department of Public Utilities, Light Division",US-NW-TPWR,9.53,34.11,98.53,97.25,eia.gov
2021-12-01 00:00:00,USA,"City of Tacoma, Department of Public Utilities, Light Division",US-NW-TPWR,8.89,33.19,98.71,97.48,eia.gov
2021-12-02 00:00:00,USA,"City of Tacoma, Department of Public Utilities, Light Division",US-NW-TPWR,9.55,33.95,98.60,97.28,eia.gov
2021-12-03 00:00:00,USA,"City of Tacoma, Department of Public Utilities, Light Division",US-NW-TPWR,15.38,40.72,97.54,95.55,eia.gov
2021-12-04 00:00:00,USA,"City of Tacoma, Department of Public Utilities, Light Division",US-NW-TPWR,13.17,38.61,97.71,95.79,eia.gov
2021-12-05 00:00:00,USA,"City of Tacoma, Department of Public Utilities, Light Division",US-NW-TPWR,13.85,39.65,97.29,94.98,eia.gov
2021-12-06 00:00:00,USA,"City of Tacoma, Department of Public Utilities, Light Division",US-NW-TPWR,13.58,41.02,96.74,96.51,eia.gov
2021-12-07 00:00:00,USA,"City of Tacoma, Department of Public Utilities, Light Division",US-NW-TPWR,15.44,43.17,96.42,96.42,eia.gov
2021-12-08 00:00:00,USA,"City of Tacoma, Department of Public Utilities, Light Division",US-NW-TPWR,13.86,40.25,97.07,97.07,eia.gov
2021-12-09 00:00:00,USA,"City of Tacoma, Department of Public Utilities, Light Division",US-NW-TPWR,14.12,40.51,96.96,96.96,eia.gov
2021-12-10 00:00:00,USA,"City of Tacoma, Department of Public Utilities, Light Division",US-NW-TPWR,15.30,41.79,96.74,96.74,eia.gov
2021-12-11 00:00:00,USA,"City of Tacoma, Department of Public Utilities, Light Division",US-NW-TPWR,14.01,40.16,97.03,97.03,eia.gov
2021-12-12 00:00:00,USA,"City of Tacoma, Department of Public Utilities, Light Division",US-NW-TPWR,19.21,46.20,96.24,96.23,eia.gov
2021-12-13 00:00:00,USA,"City of Tacoma, Department of Public Utilities, Light Division",US-NW-TPWR,20.59,48.65,95.79,95.77,eia.gov
2021-12-14 00:00:00,USA,"City of Tacoma, Department of Public Utilities, Light Division",US-NW-TPWR,27.52,55.18,95.05,92.72,eia.gov
2021-12-15 00:00:00,USA,"City of Tacoma, Department of Public Utilities, Light Division",US-NW-TPWR,28.09,55.76,94.99,91.88,eia.gov
2021-12-16 00:00:00,USA,"City of Tacoma, Department of Public Utilities, Light Division",US-NW-TPWR,26.06,53.66,95.27,92.24,eia.gov
2021-12-17 00:00:00,USA,"City of Tacoma, Department of Public Utilities, Light Division",US-NW-TPWR,23.68,50.88,95.69,92.71,eia.gov
2021-12-18 00:00:00,USA,"City of Tacoma, Department of Public Utilities, Light Division",US-NW-TPWR,23.39,50.54,95.82,92.86,eia.gov
2021-12-19 00:00:00,USA,"City of Tacoma, Department of Public Utilities, Light Division",US-NW-TPWR,25.26,52.11,95.75,92.81,eia.gov
2021-12-20 00:00:00,USA,"City of Tacoma, Department of Public Utilities, Light Division",US-NW-TPWR,22.87,50.42,95.80,92.82,eia.gov
2021-12-21 00:00:00,USA,"City of Tacoma, Department of Public Utilities, Light Division",US-NW-TPWR,32.49,60.63,94.53,91.24,eia.gov
2021-12-22 00:00:00,USA,"City of Tacoma, Department of Public Utilities, Light Division",US-NW-TPWR,42.57,71.05,93.07,89.06,eia.gov
2021-12-23 00:00:00,USA,"City of Tacoma, Department of Public Utilities, Light Division",US-NW-TPWR,42.16,69.94,93.36,89.00,eia.gov
2021-12-24 00:00:00,USA,"City of Tacoma, Department of Public Utilities, Light Division",US-NW-TPWR,37.31,64.51,93.91,89.38,eia.gov
2021-12-25 00:00:00,USA,"City of Tacoma, Department of Public Utilities, Light Division",US-NW-TPWR,30.68,57.42,94.62,90.08,eia.gov
2021-12-26 00:00:00,USA,"City of Tacoma, Department of Public Utilities, Light Division",US-NW-TPWR,32.88,59.43,94.38,89.80,eia.gov
2021-12-27 00:00:00,USA,"City of Tacoma, Department of Public Utilities, Light Division",US-NW-TPWR,31.04,57.49,94.82,91.00,eia.gov
2021-12-28 00:00:00,USA,"City of Tacoma, Department of Public Utilities, Light Division",US-NW-TPWR,30.43,57.11,94.81,91.22,eia.gov
2021-12-29 00:00:00,USA,"City of Tacoma, Department of Public Utilities, Light Division",US-NW-TPWR,30.14,57.19,94.64,91.07,eia.gov
2021-12-30 00:00:00,USA,"City of Tacoma, Department of Public Utilities, Light Division",US-NW-TPWR,30.75,57.41,94.66,91.10,eia.gov
2021-12-31 00:00:00,USA,"City of Tacoma, Department of Public Utilities, Light Division",US-NW-TPWR,27.17,54.08,95.04,91.52,eia.gov
