Datetime (UTC);Country;Zone Name;Zone Id;Carbon Intensity gCO₂eq/kWh (direct);Carbon Intensity gCO₂eq/kWh (LCA);Low Carbon Percentage;Renewable Percentage;Data Source;Data Estimated;Data Estimation Method
2023-01-01 00:00:00;USA;USA;US;346.93;410.11;42.88;21.01;;false;
2023-01-01 01:00:00;USA;USA;US;332.95;394.05;45.31;23.03;;false;
2023-01-01 02:00:00;USA;USA;US;329.42;389.5;46.19;23.31;;false;
2023-01-01 03:00:00;USA;USA;US;326.01;385.11;47.08;23.5;;false;
2023-01-01 04:00:00;USA;USA;US;323.39;381.48;47.9;23.69;;false;
2023-01-01 05:00:00;USA;USA;US;320.31;377.89;48.44;23.59;;false;
2023-01-01 06:00:00;USA;USA;US;316.5;373.64;48.95;23.44;;false;
2023-01-01 07:00:00;USA;USA;US;316.87;373.82;49.06;22.93;;false;
2023-01-01 08:00:00;USA;USA;US;316.7;373.02;49.43;22.79;;false;
2023-01-01 09:00:00;USA;USA;US;313.9;369.66;49.98;23.07;;false;
2023-01-01 10:00:00;USA;USA;US;313.83;369.46;50.09;23.08;;false;
2023-01-01 11:00:00;USA;USA;US;317.99;374.09;49.49;22.57;;false;
2023-01-01 12:00:00;USA;USA;US;324.27;381.92;48.04;21.69;;false;
2023-01-01 13:00:00;USA;USA;US;329.34;388.26;46.88;21.04;;false;
2023-01-01 14:00:00;USA;USA;US;329.59;388.9;46.74;21.5;;false;
2023-01-01 15:00:00;USA;USA;US;329.42;389.06;46.74;21.88;;false;
2023-01-01 16:00:00;USA;USA;US;332.14;392.35;46.28;21.67;;false;
2023-01-01 17:00:00;USA;USA;US;333.4;393.95;46.0;21.62;;false;
2023-01-01 18:00:00;USA;USA;US;334.06;394.87;45.79;21.57;;false;
2023-01-01 19:00:00;USA;USA;US;338.57;400.27;44.84;20.74;;false;
2023-01-01 20:00:00;USA;USA;US;344.4;407.06;43.68;19.61;;false;
2023-01-01 21:00:00;USA;USA;US;346.83;410.54;42.7;18.81;;false;
2023-01-01 22:00:00;USA;USA;US;352.85;417.76;41.41;18.11;;false;
2023-01-01 23:00:00;USA;USA;US;354.26;419.43;41.08;18.38;;false;
2023-01-02 00:00:00;USA;USA;US;346.41;410.46;42.38;19.88;;false;
2023-01-02 01:00:00;USA;USA;US;340.38;403.77;43.31;20.76;;false;
2023-01-02 02:00:00;USA;USA;US;337.18;399.88;43.99;21.0;;false;
2023-01-02 03:00:00;USA;USA;US;336.59;398.6;44.45;20.81;;false;
2023-01-02 04:00:00;USA;USA;US;333.14;393.71;45.63;21.16;;false;
2023-01-02 05:00:00;USA;USA;US;329.32;388.82;46.63;21.24;;false;
2023-01-02 06:00:00;USA;USA;US;327.49;386.33;47.15;20.94;;false;
2023-01-02 07:00:00;USA;USA;US;323.96;382.2;47.78;20.96;;false;
2023-01-02 08:00:00;USA;USA;US;324.1;382.65;47.53;20.47;;false;
2023-01-02 09:00:00;USA;USA;US;327.35;386.42;46.95;19.91;;false;
2023-01-02 10:00:00;USA;USA;US;333.2;393.32;45.87;19.17;;false;
2023-01-02 11:00:00;USA;USA;US;339.11;400.44;44.65;18.78;;false;
2023-01-02 12:00:00;USA;USA;US;338.26;399.97;44.55;19.6;;false;
2023-01-02 13:00:00;USA;USA;US;334.07;395.99;44.82;20.7;;false;
2023-01-02 14:00:00;USA;USA;US;331.36;393.28;45.09;21.58;;false;
2023-01-02 15:00:00;USA;USA;US;332.13;394.55;44.79;21.89;;false;
2023-01-02 16:00:00;USA;USA;US;330.57;392.42;45.38;22.81;;false;
2023-01-02 17:00:00;USA;USA;US;331.77;393.1;45.7;23.48;;false;
2023-01-02 18:00:00;USA;USA;US;332.02;393.02;45.91;23.65;;false;
2023-01-02 19:00:00;USA;USA;US;332.69;394.08;45.54;23.35;;false;
2023-01-02 20:00:00;USA;USA;US;331.51;392.98;45.49;23.38;;false;
2023-01-02 21:00:00;USA;USA;US;333.47;395.36;44.97;23.11;;false;
2023-01-02 22:00:00;USA;USA;US;334.68;397.27;44.39;23.19;;false;
2023-01-02 23:00:00;USA;USA;US;338.5;401.66;43.63;22.83;;false;
2023-01-03 00:00:00;USA;USA;US;341.38;405.0;43.07;22.3;;false;
2023-01-03 01:00:00;USA;USA;US;340.97;404.5;43.21;22.24;;false;
2023-01-03 02:00:00;USA;USA;US;335.64;398.04;44.34;22.77;;false;
2023-01-03 03:00:00;USA;USA;US;329.82;391.16;45.36;23.04;;false;
2023-01-03 04:00:00;USA;USA;US;324.42;384.26;46.7;23.42;;false;
2023-01-03 05:00:00;USA;USA;US;318.63;376.93;48.14;23.75;;false;
2023-01-03 06:00:00;USA;USA;US;312.8;370.0;49.29;23.98;;false;
2023-01-03 07:00:00;USA;USA;US;308.44;365.42;49.78;23.96;;false;
2023-01-03 08:00:00;USA;USA;US;308.27;365.24;49.76;23.68;;false;
2023-01-03 09:00:00;USA;USA;US;308.57;365.56;49.71;23.55;;false;
2023-01-03 10:00:00;USA;USA;US;312.32;370.56;48.59;22.96;;false;
2023-01-03 11:00:00;USA;USA;US;319.86;380.37;46.59;22.2;;false;
2023-01-03 12:00:00;USA;USA;US;328.52;390.76;44.92;21.95;;false;
2023-01-03 13:00:00;USA;USA;US;333.52;396.24;44.3;22.16;;false;
2023-01-03 14:00:00;USA;USA;US;332.66;395.01;44.69;23.12;;false;
2023-01-03 15:00:00;USA;USA;US;332.89;395.27;44.71;23.46;;false;
2023-01-03 16:00:00;USA;USA;US;326.14;388.04;45.64;24.59;;false;
2023-01-03 17:00:00;USA;USA;US;321.48;382.91;46.31;25.39;;false;
2023-01-03 18:00:00;USA;USA;US;322.27;383.78;46.2;25.27;;false;
2023-01-03 19:00:00;USA;USA;US;325.03;386.75;45.83;24.82;;false;
2023-01-03 20:00:00;USA;USA;US;327.31;389.66;45.21;24.13;;false;
2023-01-03 21:00:00;USA;USA;US;329.51;392.71;44.49;23.47;;false;
2023-01-03 22:00:00;USA;USA;US;331.42;395.12;44.0;23.29;;false;
2023-01-03 23:00:00;USA;USA;US;343.4;408.73;41.91;21.49;;false;
2023-01-04 00:00:00;USA;USA;US;346.49;412.24;41.25;20.88;;false;
2023-01-04 01:00:00;USA;USA;US;341.64;406.74;42.02;21.45;;false;
2023-01-04 02:00:00;USA;USA;US;335.55;399.62;43.14;21.95;;false;
2023-01-04 03:00:00;USA;USA;US;331.34;394.53;43.99;21.97;;false;
2023-01-04 04:00:00;USA;USA;US;327.47;389.48;45.06;22.0;;false;
2023-01-04 05:00:00;USA;USA;US;323.97;384.8;46.05;21.97;;false;
2023-01-04 06:00:00;USA;USA;US;324.23;384.58;46.29;21.48;;false;
2023-01-04 07:00:00;USA;USA;US;322.16;381.91;46.8;21.36;;false;
2023-01-04 08:00:00;USA;USA;US;322.5;382.28;46.76;21.03;;false;
2023-01-04 09:00:00;USA;USA;US;325.29;385.58;46.19;20.56;;false;
2023-01-04 10:00:00;USA;USA;US;332.55;394.26;44.71;19.69;;false;
2023-01-04 11:00:00;USA;USA;US;339.16;402.51;43.18;19.27;;false;
2023-01-04 12:00:00;USA;USA;US;346.9;412.07;41.5;19.01;;false;
2023-01-04 13:00:00;USA;USA;US;351.26;416.79;40.97;19.18;;false;
2023-01-04 14:00:00;USA;USA;US;344.92;409.66;42.08;20.7;;false;
2023-01-04 15:00:00;USA;USA;US;338.35;402.36;43.23;22.02;;false;
2023-01-04 16:00:00;USA;USA;US;331.58;394.65;44.37;23.23;;false;
2023-01-04 17:00:00;USA;USA;US;322.22;384.3;45.73;24.61;;false;
2023-01-04 18:00:00;USA;USA;US;317.63;379.08;46.47;25.35;;false;
2023-01-04 19:00:00;USA;USA;US;314.31;375.56;46.81;25.72;;false;
2023-01-04 20:00:00;USA;USA;US;311.72;372.9;47.03;25.78;;false;
2023-01-04 21:00:00;USA;USA;US;312.8;374.48;46.6;25.41;;false;
2023-01-04 22:00:00;USA;USA;US;316.19;378.64;45.8;24.94;;false;
2023-01-04 23:00:00;USA;USA;US;334.19;399.15;42.73;22.28;;false;
2023-01-05 00:00:00;USA;USA;US;338.81;404.36;41.94;21.59;;false;
2023-01-05 01:00:00;USA;USA;US;335.05;399.95;42.66;22.14;;false;
2023-01-05 02:00:00;USA;USA;US;331.03;395.29;43.38;22.4;;false;
2023-01-05 03:00:00;USA;USA;US;326.65;390.02;44.2;22.4;;false;
2023-01-05 04:00:00;USA;USA;US;324.22;386.76;44.84;22.07;;false;
2023-01-05 05:00:00;USA;USA;US;320.41;381.97;45.69;21.92;;false;
2023-01-05 06:00:00;USA;USA;US;318.18;379.23;46.15;21.57;;false;
2023-01-05 07:00:00;USA;USA;US;319.17;380.5;45.88;20.99;;false;
2023-01-05 08:00:00;USA;USA;US;320.35;381.98;45.57;20.5;;false;
2023-01-05 09:00:00;USA;USA;US;324.78;387.28;44.68;19.89;;false;
2023-01-05 10:00:00;USA;USA;US;332.4;396.42;43.22;19.13;;false;
2023-01-05 11:00:00;USA;USA;US;339.59;405.3;41.72;19.08;;false;
2023-01-05 12:00:00;USA;USA;US;345.48;413.04;40.17;19.03;;false;
2023-01-05 13:00:00;USA;USA;US;348.61;416.8;39.57;19.18;;false;
2023-01-05 14:00:00;USA;USA;US;343.66;411.04;40.6;20.4;;false;
2023-01-05 15:00:00;USA;USA;US;339.6;406.13;41.58;21.38;;false;
2023-01-05 16:00:00;USA;USA;US;342.5;409.07;41.38;21.02;;false;
2023-01-05 17:00:00;USA;USA;US;342.29;408.56;41.54;21.1;;false;
2023-01-05 18:00:00;USA;USA;US;342.2;408.54;41.49;21.22;;false;
2023-01-05 19:00:00;USA;USA;US;342.09;408.05;41.78;21.46;;false;
2023-01-05 20:00:00;USA;USA;US;344.16;410.42;41.39;20.99;;false;
2023-01-05 21:00:00;USA;USA;US;347.26;414.18;40.68;20.25;;false;
2023-01-05 22:00:00;USA;USA;US;353.99;422.32;39.21;19.25;;false;
2023-01-05 23:00:00;USA;USA;US;358.93;428.08;38.21;18.62;;false;
2023-01-06 00:00:00;USA;USA;US;357.14;425.89;38.56;19.06;;false;
2023-01-06 01:00:00;USA;USA;US;;;;;;;
2023-01-06 02:00:00;USA;USA;US;;;;;;;
2023-01-06 03:00:00;USA;USA;US;;;;;;;
2023-01-06 04:00:00;USA;USA;US;;;;;;;
2023-01-06 05:00:00;USA;USA;US;;;;;;;
2023-01-06 06:00:00;USA;USA;US;329.48;390.54;45.42;22.65;;false;
2023-01-06 07:00:00;USA;USA;US;331.22;392.46;45.16;22.02;;false;
2023-01-06 08:00:00;USA;USA;US;333.32;395.05;44.71;21.39;;false;
2023-01-06 09:00:00;USA;USA;US;335.29;397.53;44.29;21.05;;false;
2023-01-06 10:00:00;USA;USA;US;337.05;400.17;43.68;21.11;;false;
2023-01-06 11:00:00;USA;USA;US;;;;;;;
2023-01-06 12:00:00;USA;USA;US;;;;;;;
2023-01-06 13:00:00;USA;USA;US;;;;;;;
2023-01-06 14:00:00;USA;USA;US;;;;;;;
2023-01-06 15:00:00;USA;USA;US;;;;;;;
2023-01-06 16:00:00;USA;USA;US;;;;;;;
2023-01-06 17:00:00;USA;USA;US;;;;;;;
2023-01-06 18:00:00;USA;USA;US;;;;;;;
2023-01-06 19:00:00;USA;USA;US;;;;;;;
2023-01-06 20:00:00;USA;USA;US;;;;;;;
2023-01-06 21:00:00;USA;USA;US;;;;;;;
2023-01-06 22:00:00;USA;USA;US;;;;;;;
2023-01-06 23:00:00;USA;USA;US;;;;;;;